{
  "annotations": {
    "list": [
      {
        "builtIn": 1,
        "datasource": "-- Grafana --",
        "enable": true,
        "hide": true,
        "iconColor": "rgba(0, 211, 255, 1)",
        "name": "Annotations & Alerts",
        "target": {
          "limit": 100,
          "matchAny": false,
          "tags": [],
          "type": "dashboard"
        },
        "type": "dashboard"
      }
    ]
  },
  "editable": true,
  "fiscalYearStartMonth": 0,
  "graphTooltip": 0,
  "id": 40,
  "iteration": 1652702803634,
  "links": [],
  "liveNow": false,
  "panels": [
    {
      "datasource": {
        "type": "influxdb",
        "uid": "ORe9o_w7k"
      },
      "fieldConfig": {
        "defaults": {
          "color": {
            "mode": "palette-classic"
          },
          "custom": {
            "axisLabel": "",
            "axisPlacement": "auto",
            "barAlignment": 0,
            "drawStyle": "line",
            "fillOpacity": 0,
            "gradientMode": "none",
            "hideFrom": {
              "legend": false,
              "tooltip": false,
              "viz": false
            },
            "lineInterpolation": "linear",
            "lineWidth": 1,
            "pointSize": 5,
            "scaleDistribution": {
              "type": "linear"
            },
            "showPoints": "auto",
            "spanNulls": true,
            "stacking": {
              "group": "A",
              "mode": "none"
            },
            "thresholdsStyle": {
              "mode": "off"
            }
          },
          "mappings": [],
          "thresholds": {
            "mode": "absolute",
            "steps": [
              {
                "color": "green",
                "value": null
              },
              {
                "color": "red",
                "value": 80
              }
            ]
          }
        },
        "overrides": []
      },
      "gridPos": {
        "h": 22,
        "w": 24,
        "x": 0,
        "y": 0
      },
      "id": 2,
      "options": {
        "legend": {
          "calcs": [],
          "displayMode": "list",
          "placement": "bottom"
        },
        "tooltip": {
          "mode": "single",
          "sort": "none"
        }
      },
      "targets": [
        {
          "alias": "$leyenda",
          "datasource": {
            "type": "influxdb",
            "uid": "ORe9o_w7k"
          },
          "groupBy": [],
          "hide": false,
          "measurement": "EVENT",
          "orderByTime": "ASC",
          "policy": "EVENT",
          "query": "SELECT $tipo_dato FROM $grupo.$grupo WHERE (\"name\" =~ /^$dp$/) AND $timeFilter",
          "rawQuery": true,
          "refId": "A",
          "resultFormat": "time_series",
          "select": [
            [
              {
                "params": [
                  "original_value_float"
                ],
                "type": "field"
              }
            ]
          ],
          "tags": [
            {
              "key": "name",
              "operator": "=~",
              "value": "/^$dp$/"
            }
          ]
        },
        {
          "alias": "$leyenda2",
          "datasource": {
            "type": "influxdb",
            "uid": "ORe9o_w7k"
          },
          "groupBy": [],
          "hide": false,
          "measurement": "EVENT",
          "orderByTime": "ASC",
          "policy": "EVENT",
          "query": "SELECT $tipo_dato2 FROM $grupo2.$grupo2 WHERE (\"name\" =~ /^$dp2$/) AND $timeFilter",
          "rawQuery": true,
          "refId": "B",
          "resultFormat": "time_series",
          "select": [
            [
              {
                "params": [
                  "original_value_float"
                ],
                "type": "field"
              }
            ]
          ],
          "tags": [
            {
              "key": "name",
              "operator": "=~",
              "value": "/^$dp$/"
            }
          ]
        },
        {
          "alias": "$leyenda3",
          "datasource": {
            "type": "influxdb",
            "uid": "ORe9o_w7k"
          },
          "groupBy": [],
          "hide": false,
          "measurement": "EVENT",
          "orderByTime": "ASC",
          "policy": "EVENT",
          "query": "SELECT $tipo_dato3 FROM $grupo3.$grupo3 WHERE (\"name\" =~ /^$dp3$/) AND $timeFilter",
          "rawQuery": true,
          "refId": "C",
          "resultFormat": "time_series",
          "select": [
            [
              {
                "params": [
                  "original_value_float"
                ],
                "type": "field"
              }
            ]
          ],
          "tags": [
            {
              "key": "name",
              "operator": "=~",
              "value": "/^$dp$/"
            }
          ]
        },
        {
          "alias": "$leyenda4",
          "datasource": {
            "type": "influxdb",
            "uid": "ORe9o_w7k"
          },
          "groupBy": [],
          "hide": false,
          "measurement": "EVENT",
          "orderByTime": "ASC",
          "policy": "EVENT",
          "query": "SELECT $tipo_dato4 FROM $grupo4.$grupo4 WHERE (\"name\" =~ /^$dp4$/) AND $timeFilter",
          "rawQuery": true,
          "refId": "D",
          "resultFormat": "time_series",
          "select": [
            [
              {
                "params": [
                  "original_value_float"
                ],
                "type": "field"
              }
            ]
          ],
          "tags": [
            {
              "key": "name",
              "operator": "=~",
              "value": "/^$dp$/"
            }
          ]
        },
        {
          "alias": "$leyenda5",
          "datasource": {
            "type": "influxdb",
            "uid": "ORe9o_w7k"
          },
          "groupBy": [],
          "hide": false,
          "measurement": "EVENT",
          "orderByTime": "ASC",
          "policy": "EVENT",
          "query": "SELECT $tipo_dato5 FROM $grupo5.$grupo5 WHERE (\"name\" =~ /^$dp5$/) AND $timeFilter",
          "rawQuery": true,
          "refId": "E",
          "resultFormat": "time_series",
          "select": [
            [
              {
                "params": [
                  "original_value_float"
                ],
                "type": "field"
              }
            ]
          ],
          "tags": [
            {
              "key": "name",
              "operator": "=~",
              "value": "/^$dp$/"
            }
          ]
        },
        {
          "alias": "$leyenda6",
          "datasource": {
            "type": "influxdb",
            "uid": "ORe9o_w7k"
          },
          "groupBy": [],
          "hide": false,
          "measurement": "EVENT",
          "orderByTime": "ASC",
          "policy": "EVENT",
          "query": "SELECT $tipo_dato6 FROM $grupo6.$grupo6 WHERE (\"name\" =~ /^$dp6$/) AND $timeFilter",
          "rawQuery": true,
          "refId": "F",
          "resultFormat": "time_series",
          "select": [
            [
              {
                "params": [
                  "original_value_float"
                ],
                "type": "field"
              }
            ]
          ],
          "tags": [
            {
              "key": "name",
              "operator": "=~",
              "value": "/^$dp$/"
            }
          ]
        },
        {
          "alias": "$leyenda7",
          "datasource": {
            "type": "influxdb",
            "uid": "ORe9o_w7k"
          },
          "groupBy": [],
          "hide": false,
          "measurement": "EVENT",
          "orderByTime": "ASC",
          "policy": "EVENT",
          "query": "SELECT $tipo_dato7 FROM $grupo7.$grupo7 WHERE (\"name\" =~ /^$dp7$/) AND $timeFilter",
          "rawQuery": true,
          "refId": "G",
          "resultFormat": "time_series",
          "select": [
            [
              {
                "params": [
                  "original_value_float"
                ],
                "type": "field"
              }
            ]
          ],
          "tags": [
            {
              "key": "name",
              "operator": "=~",
              "value": "/^$dp$/"
            }
          ]
        },
        {
          "alias": "$leyenda8",
          "datasource": {
            "type": "influxdb",
            "uid": "ORe9o_w7k"
          },
          "groupBy": [],
          "hide": false,
          "measurement": "EVENT",
          "orderByTime": "ASC",
          "policy": "EVENT",
          "query": "SELECT $tipo_dato8 FROM $grupo8.$grupo8 WHERE (\"name\" =~ /^$dp8$/) AND $timeFilter",
          "rawQuery": true,
          "refId": "H",
          "resultFormat": "time_series",
          "select": [
            [
              {
                "params": [
                  "original_value_float"
                ],
                "type": "field"
              }
            ]
          ],
          "tags": [
            {
              "key": "name",
              "operator": "=~",
              "value": "/^$dp$/"
            }
          ]
        },
        {
          "alias": "$leyenda9",
          "datasource": {
            "type": "influxdb",
            "uid": "ORe9o_w7k"
          },
          "groupBy": [],
          "hide": false,
          "measurement": "EVENT",
          "orderByTime": "ASC",
          "policy": "EVENT",
          "query": "SELECT $tipo_dato9 FROM $grupo9.$grupo9 WHERE (\"name\" =~ /^$dp9$/) AND $timeFilter",
          "rawQuery": true,
          "refId": "I",
          "resultFormat": "time_series",
          "select": [
            [
              {
                "params": [
                  "original_value_float"
                ],
                "type": "field"
              }
            ]
          ],
          "tags": [
            {
              "key": "name",
              "operator": "=~",
              "value": "/^$dp$/"
            }
          ]
        },
        {
          "alias": "$leyenda10",
          "datasource": {
            "type": "influxdb",
            "uid": "ORe9o_w7k"
          },
          "groupBy": [],
          "hide": false,
          "measurement": "EVENT",
          "orderByTime": "ASC",
          "policy": "EVENT",
          "query": "SELECT $tipo_dato10 FROM $grupo10.$grupo10 WHERE (\"name\" =~ /^$dp10$/) AND $timeFilter",
          "rawQuery": true,
          "refId": "J",
          "resultFormat": "time_series",
          "select": [
            [
              {
                "params": [
                  "original_value_float"
                ],
                "type": "field"
              }
            ]
          ],
          "tags": [
            {
              "key": "name",
              "operator": "=~",
              "value": "/^$dp$/"
            }
          ]
        }
      ],
      "title": "Gráfica",
      "type": "timeseries"
    }
  ],
  "refresh": "",
  "schemaVersion": 35,
  "style": "dark",
  "tags": [],
  "templating": {
    "list": [
      {
        "current": {
          "selected": true,
          "text": "original_value_float",
          "value": "original_value_float"
        },
        "hide": 2,
        "name": "tipo_dato",
        "options": [
          {
            "selected": true,
            "text": "original_value_float",
            "value": "original_value_float"
          }
        ],
        "query": "original_value_float",
        "skipUrlSync": false,
        "type": "textbox"
      },
      {
        "current": {
          "selected": true,
          "text": "System1:PRUEBAS.pruebaFloat",
          "value": "System1:PRUEBAS.pruebaFloat"
        },
        "hide": 2,
        "name": "dp",
        "options": [
          {
            "selected": true,
            "text": "System1:PRUEBAS.pruebaFloat",
            "value": "System1:PRUEBAS.pruebaFloat"
          }
        ],
        "query": "System1:PRUEBAS.pruebaFloat",
        "skipUrlSync": false,
        "type": "textbox"
      },
      {
        "current": {
          "selected": true,
          "text": "PRUEBA FLOAT",
          "value": "PRUEBA FLOAT"
        },
        "hide": 2,
        "name": "leyenda",
        "options": [
          {
            "selected": true,
            "text": "PRUEBA FLOAT",
            "value": "PRUEBA FLOAT"
          }
        ],
        "query": "PRUEBA FLOAT",
        "skipUrlSync": false,
        "type": "textbox"
      },
      {
        "current": {
          "selected": true,
          "text": "EV_ACCIONAMIENTOS",
          "value": "EV_ACCIONAMIENTOS"
        },
        "hide": 2,
        "name": "grupo",
        "options": [
          {
            "selected": true,
            "text": "EV_ACCIONAMIENTOS",
            "value": "EV_ACCIONAMIENTOS"
          }
        ],
        "query": "EV_ACCIONAMIENTOS",
        "skipUrlSync": false,
        "type": "textbox"
      },
      {
        "current": {
          "selected": true,
          "text": "original_value_int",
          "value": "original_value_int"
        },
        "hide": 2,
        "name": "tipo_dato2",
        "options": [
          {
            "selected": true,
            "text": "original_value_int",
            "value": "original_value_int"
          }
        ],
        "query": "original_value_int",
        "skipUrlSync": false,
        "type": "textbox"
      },
      {
        "current": {
          "selected": true,
          "text": "System1:PRUEBAS.pruebaInt",
          "value": "System1:PRUEBAS.pruebaInt"
        },
        "hide": 2,
        "name": "dp2",
        "options": [
          {
            "selected": true,
            "text": "System1:PRUEBAS.pruebaInt",
            "value": "System1:PRUEBAS.pruebaInt"
          }
        ],
        "query": "System1:PRUEBAS.pruebaInt",
        "skipUrlSync": false,
        "type": "textbox"
      },
      {
        "current": {
          "selected": true,
          "text": "PRUEBA INT",
          "value": "PRUEBA INT"
        },
        "hide": 2,
        "name": "leyenda2",
        "options": [
          {
            "selected": true,
            "text": "PRUEBA INT",
            "value": "PRUEBA INT"
          }
        ],
        "query": "PRUEBA INT",
        "skipUrlSync": false,
        "type": "textbox"
      },
      {
        "current": {
          "selected": true,
          "text": "EV_ANALOGICAS",
          "value": "EV_ANALOGICAS"
        },
        "hide": 2,
        "name": "grupo2",
        "options": [
          {
            "selected": true,
            "text": "EV_ANALOGICAS",
            "value": "EV_ANALOGICAS"
          }
        ],
        "query": "EV_ANALOGICAS",
        "skipUrlSync": false,
        "type": "textbox"
      },
      {
        "current": {
          "selected": true,
          "text": "original_value_int",
          "value": "original_value_int"
        },
        "hide": 2,
        "name": "tipo_dato3",
        "options": [
          {
            "selected": true,
            "text": "original_value_int",
            "value": "original_value_int"
          }
        ],
        "query": "original_value_int",
        "skipUrlSync": false,
        "type": "textbox"
      },
      {
        "current": {
          "selected": true,
          "text": "System1:PRUEBAS.pruebaInt",
          "value": "System1:PRUEBAS.pruebaInt"
        },
        "hide": 2,
        "name": "dp3",
        "options": [
          {
            "selected": true,
            "text": "System1:PRUEBAS.pruebaInt",
            "value": "System1:PRUEBAS.pruebaInt"
          }
        ],
        "query": "System1:PRUEBAS.pruebaInt",
        "skipUrlSync": false,
        "type": "textbox"
      },
      {
        "current": {
          "selected": true,
          "text": "PRUEBA INT",
          "value": "PRUEBA INT"
        },
        "hide": 2,
        "name": "leyenda3",
        "options": [
          {
            "selected": true,
            "text": "PRUEBA INT",
            "value": "PRUEBA INT"
          }
        ],
        "query": "PRUEBA INT",
        "skipUrlSync": false,
        "type": "textbox"
      },
      {
        "current": {
          "selected": true,
          "text": "EV_ANALOGICAS",
          "value": "EV_ANALOGICAS"
        },
        "hide": 2,
        "name": "grupo3",
        "options": [
          {
            "selected": true,
            "text": "EV_ANALOGICAS",
            "value": "EV_ANALOGICAS"
          }
        ],
        "query": "EV_ANALOGICAS",
        "skipUrlSync": false,
        "type": "textbox"
      },
      {
        "current": {
          "selected": true,
          "text": "original_value_int",
          "value": "original_value_int"
        },
        "hide": 2,
        "name": "tipo_dato4",
        "options": [
          {
            "selected": true,
            "text": "original_value_int",
            "value": "original_value_int"
          }
        ],
        "query": "original_value_int",
        "skipUrlSync": false,
        "type": "textbox"
      },
      {
        "current": {
          "selected": true,
          "text": "System1:PRUEBAS.pruebaInt",
          "value": "System1:PRUEBAS.pruebaInt"
        },
        "hide": 2,
        "name": "dp4",
        "options": [
          {
            "selected": true,
            "text": "System1:PRUEBAS.pruebaInt",
            "value": "System1:PRUEBAS.pruebaInt"
          }
        ],
        "query": "System1:PRUEBAS.pruebaInt",
        "skipUrlSync": false,
        "type": "textbox"
      },
      {
        "current": {
          "selected": true,
          "text": "PRUEBA INT",
          "value": "PRUEBA INT"
        },
        "hide": 2,
        "name": "leyenda4",
        "options": [
          {
            "selected": true,
            "text": "PRUEBA INT",
            "value": "PRUEBA INT"
          }
        ],
        "query": "PRUEBA INT",
        "skipUrlSync": false,
        "type": "textbox"
      },
      {
        "current": {
          "selected": true,
          "text": "EV_ANALOGICAS",
          "value": "EV_ANALOGICAS"
        },
        "hide": 2,
        "name": "grupo4",
        "options": [
          {
            "selected": true,
            "text": "EV_ANALOGICAS",
            "value": "EV_ANALOGICAS"
          }
        ],
        "query": "EV_ANALOGICAS",
        "skipUrlSync": false,
        "type": "textbox"
      },
      {
        "current": {
          "selected": true,
          "text": "original_value_int",
          "value": "original_value_int"
        },
        "hide": 2,
        "name": "tipo_dato5",
        "options": [
          {
            "selected": true,
            "text": "original_value_int",
            "value": "original_value_int"
          }
        ],
        "query": "original_value_int",
        "skipUrlSync": false,
        "type": "textbox"
      },
      {
        "current": {
          "selected": true,
          "text": "System1:PRUEBAS.pruebaInt",
          "value": "System1:PRUEBAS.pruebaInt"
        },
        "hide": 2,
        "name": "dp5",
        "options": [
          {
            "selected": true,
            "text": "System1:PRUEBAS.pruebaInt",
            "value": "System1:PRUEBAS.pruebaInt"
          }
        ],
        "query": "System1:PRUEBAS.pruebaInt",
        "skipUrlSync": false,
        "type": "textbox"
      },
      {
        "current": {
          "selected": true,
          "text": "PRUEBA INT",
          "value": "PRUEBA INT"
        },
        "hide": 2,
        "name": "leyenda5",
        "options": [
          {
            "selected": true,
            "text": "PRUEBA INT",
            "value": "PRUEBA INT"
          }
        ],
        "query": "PRUEBA INT",
        "skipUrlSync": false,
        "type": "textbox"
      },
      {
        "current": {
          "selected": true,
          "text": "EV_ANALOGICAS",
          "value": "EV_ANALOGICAS"
        },
        "hide": 2,
        "name": "grupo5",
        "options": [
          {
            "selected": true,
            "text": "EV_ANALOGICAS",
            "value": "EV_ANALOGICAS"
          }
        ],
        "query": "EV_ANALOGICAS",
        "skipUrlSync": false,
        "type": "textbox"
      },
      {
        "current": {
          "selected": true,
          "text": "original_value_int",
          "value": "original_value_int"
        },
        "hide": 2,
        "name": "tipo_dato6",
        "options": [
          {
            "selected": true,
            "text": "original_value_int",
            "value": "original_value_int"
          }
        ],
        "query": "original_value_int",
        "skipUrlSync": false,
        "type": "textbox"
      },
      {
        "current": {
          "selected": true,
          "text": "System1:PRUEBAS.pruebaInt",
          "value": "System1:PRUEBAS.pruebaInt"
        },
        "hide": 2,
        "name": "dp6",
        "options": [
          {
            "selected": true,
            "text": "System1:PRUEBAS.pruebaInt",
            "value": "System1:PRUEBAS.pruebaInt"
          }
        ],
        "query": "System1:PRUEBAS.pruebaInt",
        "skipUrlSync": false,
        "type": "textbox"
      },
      {
        "current": {
          "selected": true,
          "text": "PRUEBA INT",
          "value": "PRUEBA INT"
        },
        "hide": 2,
        "name": "leyenda6",
        "options": [
          {
            "selected": true,
            "text": "PRUEBA INT",
            "value": "PRUEBA INT"
          }
        ],
        "query": "PRUEBA INT",
        "skipUrlSync": false,
        "type": "textbox"
      },
      {
        "current": {
          "selected": true,
          "text": "EV_ANALOGICAS",
          "value": "EV_ANALOGICAS"
        },
        "hide": 2,
        "name": "grupo6",
        "options": [
          {
            "selected": true,
            "text": "EV_ANALOGICAS",
            "value": "EV_ANALOGICAS"
          }
        ],
        "query": "EV_ANALOGICAS",
        "skipUrlSync": false,
        "type": "textbox"
      },
      {
        "current": {
          "selected": true,
          "text": "original_value_int",
          "value": "original_value_int"
        },
        "hide": 2,
        "name": "tipo_dato7",
        "options": [
          {
            "selected": true,
            "text": "original_value_int",
            "value": "original_value_int"
          }
        ],
        "query": "original_value_int",
        "skipUrlSync": false,
        "type": "textbox"
      },
      {
        "current": {
          "selected": true,
          "text": "System1:PRUEBAS.pruebaInt",
          "value": "System1:PRUEBAS.pruebaInt"
        },
        "hide": 2,
        "name": "dp7",
        "options": [
          {
            "selected": true,
            "text": "System1:PRUEBAS.pruebaInt",
            "value": "System1:PRUEBAS.pruebaInt"
          }
        ],
        "query": "System1:PRUEBAS.pruebaInt",
        "skipUrlSync": false,
        "type": "textbox"
      },
      {
        "current": {
          "selected": true,
          "text": "PRUEBA INT",
          "value": "PRUEBA INT"
        },
        "hide": 2,
        "name": "leyenda7",
        "options": [
          {
            "selected": true,
            "text": "PRUEBA INT",
            "value": "PRUEBA INT"
          }
        ],
        "query": "PRUEBA INT",
        "skipUrlSync": false,
        "type": "textbox"
      },
      {
        "current": {
          "selected": true,
          "text": "EV_ANALOGICAS",
          "value": "EV_ANALOGICAS"
        },
        "hide": 2,
        "name": "grupo7",
        "options": [
          {
            "selected": true,
            "text": "EV_ANALOGICAS",
            "value": "EV_ANALOGICAS"
          }
        ],
        "query": "EV_ANALOGICAS",
        "skipUrlSync": false,
        "type": "textbox"
      },
      {
        "current": {
          "selected": true,
          "text": "original_value_int",
          "value": "original_value_int"
        },
        "hide": 2,
        "name": "tipo_dato8",
        "options": [
          {
            "selected": true,
            "text": "original_value_int",
            "value": "original_value_int"
          }
        ],
        "query": "original_value_int",
        "skipUrlSync": false,
        "type": "textbox"
      },
      {
        "current": {
          "selected": true,
          "text": "System1:PRUEBAS.pruebaInt",
          "value": "System1:PRUEBAS.pruebaInt"
        },
        "hide": 2,
        "name": "dp8",
        "options": [
          {
            "selected": true,
            "text": "System1:PRUEBAS.pruebaInt",
            "value": "System1:PRUEBAS.pruebaInt"
          }
        ],
        "query": "System1:PRUEBAS.pruebaInt",
        "skipUrlSync": false,
        "type": "textbox"
      },
      {
        "current": {
          "selected": true,
          "text": "PRUEBA INT",
          "value": "PRUEBA INT"
        },
        "hide": 2,
        "name": "leyenda8",
        "options": [
          {
            "selected": true,
            "text": "PRUEBA INT",
            "value": "PRUEBA INT"
          }
        ],
        "query": "PRUEBA INT",
        "skipUrlSync": false,
        "type": "textbox"
      },
      {
        "current": {
          "selected": true,
          "text": "EV_ANALOGICAS",
          "value": "EV_ANALOGICAS"
        },
        "hide": 2,
        "name": "grupo8",
        "options": [
          {
            "selected": true,
            "text": "EV_ANALOGICAS",
            "value": "EV_ANALOGICAS"
          }
        ],
        "query": "EV_ANALOGICAS",
        "skipUrlSync": false,
        "type": "textbox"
      },
      {
        "current": {
          "selected": true,
          "text": "original_value_int",
          "value": "original_value_int"
        },
        "hide": 2,
        "name": "tipo_dato9",
        "options": [
          {
            "selected": true,
            "text": "original_value_int",
            "value": "original_value_int"
          }
        ],
        "query": "original_value_int",
        "skipUrlSync": false,
        "type": "textbox"
      },
      {
        "current": {
          "selected": true,
          "text": "System1:PRUEBAS.pruebaInt",
          "value": "System1:PRUEBAS.pruebaInt"
        },
        "hide": 2,
        "name": "dp9",
        "options": [
          {
            "selected": true,
            "text": "System1:PRUEBAS.pruebaInt",
            "value": "System1:PRUEBAS.pruebaInt"
          }
        ],
        "query": "System1:PRUEBAS.pruebaInt",
        "skipUrlSync": false,
        "type": "textbox"
      },
      {
        "current": {
          "selected": true,
          "text": "PRUEBA INT",
          "value": "PRUEBA INT"
        },
        "hide": 2,
        "name": "leyenda9",
        "options": [
          {
            "selected": true,
            "text": "PRUEBA INT",
            "value": "PRUEBA INT"
          }
        ],
        "query": "PRUEBA INT",
        "skipUrlSync": false,
        "type": "textbox"
      },
      {
        "current": {
          "selected": true,
          "text": "EV_ANALOGICAS",
          "value": "EV_ANALOGICAS"
        },
        "hide": 2,
        "name": "grupo9",
        "options": [
          {
            "selected": true,
            "text": "EV_ANALOGICAS",
            "value": "EV_ANALOGICAS"
          }
        ],
        "query": "EV_ANALOGICAS",
        "skipUrlSync": false,
        "type": "textbox"
      },
      {
        "current": {
          "selected": true,
          "text": "original_value_int",
          "value": "original_value_int"
        },
        "hide": 2,
        "name": "tipo_dato10",
        "options": [
          {
            "selected": true,
            "text": "original_value_int",
            "value": "original_value_int"
          }
        ],
        "query": "original_value_int",
        "skipUrlSync": false,
        "type": "textbox"
      },
      {
        "current": {
          "selected": true,
          "text": "System1:PRUEBAS.pruebaInt",
          "value": "System1:PRUEBAS.pruebaInt"
        },
        "hide": 2,
        "name": "dp10",
        "options": [
          {
            "selected": true,
            "text": "System1:PRUEBAS.pruebaInt",
            "value": "System1:PRUEBAS.pruebaInt"
          }
        ],
        "query": "System1:PRUEBAS.pruebaInt",
        "skipUrlSync": false,
        "type": "textbox"
      },
      {
        "current": {
          "selected": true,
          "text": "PRUEBA INT",
          "value": "PRUEBA INT"
        },
        "hide": 2,
        "name": "leyenda10",
        "options": [
          {
            "selected": true,
            "text": "PRUEBA INT",
            "value": "PRUEBA INT"
          }
        ],
        "query": "PRUEBA INT",
        "skipUrlSync": false,
        "type": "textbox"
      },
      {
        "current": {
          "selected": true,
          "text": "EV_ANALOGICAS",
          "value": "EV_ANALOGICAS"
        },
        "hide": 2,
        "name": "grupo10",
        "options": [
          {
            "selected": true,
            "text": "EV_ANALOGICAS",
            "value": "EV_ANALOGICAS"
          }
        ],
        "query": "EV_ANALOGICAS",
        "skipUrlSync": false,
        "type": "textbox"
      }
    ]
  },
  "time": {
    "from": "now-15m",
    "to": "now"
  },
  "timepicker": {},
  "timezone": "",
  "title": "influx-10dp",
  "uid": "influx-10dp",
  "version": 1,
  "weekStart": ""
}