{
  "annotations": {
    "list": [
      {
        "builtIn": 1,
        "datasource": "-- Grafana --",
        "enable": true,
        "hide": true,
        "iconColor": "rgba(0, 211, 255, 1)",
        "name": "Annotations & Alerts",
        "target": {
          "limit": 100,
          "matchAny": false,
          "tags": [],
          "type": "dashboard"
        },
        "type": "dashboard"
      }
    ]
  },
  "editable": true,
  "fiscalYearStartMonth": 0,
  "graphTooltip": 0,
  "id": 38,
  "iteration": 1652702804381,
  "links": [],
  "liveNow": false,
  "panels": [
    {
      "datasource": {
        "type": "influxdb",
        "uid": "ORe9o_w7k"
      },
      "fieldConfig": {
        "defaults": {
          "color": {
            "mode": "palette-classic"
          },
          "custom": {
            "axisLabel": "",
            "axisPlacement": "auto",
            "barAlignment": 0,
            "drawStyle": "line",
            "fillOpacity": 0,
            "gradientMode": "none",
            "hideFrom": {
              "legend": false,
              "tooltip": false,
              "viz": false
            },
            "lineInterpolation": "linear",
            "lineWidth": 1,
            "pointSize": 5,
            "scaleDistribution": {
              "type": "linear"
            },
            "showPoints": "auto",
            "spanNulls": true,
            "stacking": {
              "group": "A",
              "mode": "none"
            },
            "thresholdsStyle": {
              "mode": "off"
            }
          },
          "mappings": [],
          "thresholds": {
            "mode": "absolute",
            "steps": [
              {
                "color": "green",
                "value": null
              },
              {
                "color": "red",
                "value": 80
              }
            ]
          }
        },
        "overrides": []
      },
      "gridPos": {
        "h": 22,
        "w": 24,
        "x": 0,
        "y": 0
      },
      "id": 2,
      "options": {
        "legend": {
          "calcs": [],
          "displayMode": "list",
          "placement": "bottom"
        },
        "tooltip": {
          "mode": "single",
          "sort": "none"
        }
      },
      "targets": [
        {
          "alias": "$leyenda",
          "datasource": {
            "type": "influxdb",
            "uid": "ORe9o_w7k"
          },
          "groupBy": [],
          "hide": false,
          "measurement": "EVENT",
          "orderByTime": "ASC",
          "policy": "EVENT",
          "query": "SELECT $tipo_dato FROM $grupo.$grupo WHERE (\"name\" =~ /^$dp$/) AND $timeFilter",
          "rawQuery": true,
          "refId": "A",
          "resultFormat": "time_series",
          "select": [
            [
              {
                "params": [
                  "original_value_float"
                ],
                "type": "field"
              }
            ]
          ],
          "tags": [
            {
              "key": "name",
              "operator": "=~",
              "value": "/^$dp$/"
            }
          ]
        }
      ],
      "title": "Gráfica",
      "type": "timeseries"
    }
  ],
  "refresh": false,
  "schemaVersion": 35,
  "style": "dark",
  "tags": [],
  "templating": {
    "list": [
      {
        "current": {
          "selected": true,
          "text": "original_value_float",
          "value": "original_value_float"
        },
        "hide": 2,
        "name": "tipo_dato",
        "options": [
          {
            "selected": true,
            "text": "original_value_float",
            "value": "original_value_float"
          }
        ],
        "query": "original_value_float",
        "skipUrlSync": false,
        "type": "textbox"
      },
      {
        "current": {
          "selected": true,
          "text": "System1:PRUEBAS.pruebaFloat",
          "value": "System1:PRUEBAS.pruebaFloat"
        },
        "hide": 2,
        "name": "dp",
        "options": [
          {
            "selected": true,
            "text": "System1:PRUEBAS.pruebaFloat",
            "value": "System1:PRUEBAS.pruebaFloat"
          }
        ],
        "query": "System1:PRUEBAS.pruebaFloat",
        "skipUrlSync": false,
        "type": "textbox"
      },
      {
        "current": {
          "selected": false,
          "text": "PRUEBA FLOAT",
          "value": "PRUEBA FLOAT"
        },
        "hide": 2,
        "name": "leyenda",
        "options": [
          {
            "selected": true,
            "text": "PRUEBA FLOAT",
            "value": "PRUEBA FLOAT"
          }
        ],
        "query": "PRUEBA FLOAT",
        "skipUrlSync": false,
        "type": "textbox"
      },
      {
        "current": {
          "selected": false,
          "text": "EV_ACCIONAMIENTOS",
          "value": "EV_ACCIONAMIENTOS"
        },
        "hide": 2,
        "name": "grupo",
        "options": [
          {
            "selected": true,
            "text": "EV_ACCIONAMIENTOS",
            "value": "EV_ACCIONAMIENTOS"
          }
        ],
        "query": "EV_ACCIONAMIENTOS",
        "skipUrlSync": false,
        "type": "textbox"
      }
    ]
  },
  "time": {
    "from": "now-15m",
    "to": "now"
  },
  "timepicker": {},
  "timezone": "",
  "title": "influx-1dp",
  "uid": "influx-1dp",
  "version": 1,
  "weekStart": ""
}